{"R":0,"S":3,"F":0}
{"LevelName_":"001","CameraMoveLimit_":{"serializedVersion":"2","x":-7.0,"y":-1.0,"width":14.0,"height":6.5},"CameraMoveTrigger_":{"serializedVersion":"2","x":-1.0,"y":-1.0,"width":2.0,"height":2.0}}
5:{"Position":{"x":2.996999979019165,"y":0.9179999828338623},"Rotation":0.0}
3:{"ShowedText":"","TextShowingOffset":{"x":0.0,"y":0.0},"ShowTime":0.0,"Position":{"x":4.610000133514404,"y":0.12999999523162843}}
2:{"Position":{"x":-4.670000076293945,"y":0.12999999523162843},"NextMainCharacterPos":{"x":0.0,"y":0.0},"NextLocationName":""}
1:{"Position":{"x":0.0,"y":-0.47999998927116396}}
0:{"Position_":{"x":0.0,"y":0.009999999776482582},"IsLeftSide_":false}
4:{"Position":{"x":6.519000053405762,"y":0.5109999775886536}}
1:{"Position":{"x":-4.5,"y":-0.47999998927116396}}
1:{"Position":{"x":1.600000023841858,"y":1.0099999904632569}}
1:{"Position":{"x":-3.0,"y":-0.47999998927116396}}
1:{"Position":{"x":-6.0,"y":-0.47999998927116396}}
1:{"Position":{"x":-1.5,"y":-0.47999998927116396}}
1:{"Position":{"x":-1.909999966621399,"y":3.0199999809265138}}
1:{"Position":{"x":6.0,"y":-0.47999998927116396}}
1:{"Position":{"x":4.5,"y":-0.47999998927116396}}
1:{"Position":{"x":3.0,"y":-0.47999998927116396}}
1:{"Position":{"x":1.5,"y":-0.47999998927116396}}
