{"R":0,"S":3,"F":0}
{"LevelName_":"MainMenu","CameraMoveLimit_":{"serializedVersion":"2","x":0.0,"y":0.0,"width":0.0,"height":0.0},"CameraMoveTrigger_":{"serializedVersion":"2","x":0.0,"y":0.0,"width":0.0,"height":0.0}}
8:{"Position":{"x":-2.1600000858306886,"y":-1.5199999809265137}}
9:{"Position":{"x":2.1600000858306886,"y":-1.5199999809265137}}
